INSERT INTO `aula` (`numero_aula`, `piano`) VALUES
('2.1', 0),
('2.10', 0),
('2.11', 0),
('2.12', 0),
('2.13', 0),
('2.2', 0),
('2.3', 0),
('2.4', 0),
('2.5', 0),
('2.6', 0),
('2.7', 0),
('2.8', 0),
('2.9', 0),
('3.1', 1),
('3.10', 1),
('3.11', 1),
('3.3', 1),
('3.4', 1),
('3.7', 1),
('4.1', 2),
('4.2', 2),
('volume', 1);

INSERT INTO `categoria` (`id_categoria`, `nome`, `descrizione`) VALUES
(1, 'Frasi_motivazionali', 'Hai fallito un esame e vuoi tirarti su? Porta sempre con te la perseveranza di queste frasi!'),
(2, 'Noleggio_cuccioli', 'Noleggia una piccola palla di pelo o di piume che ti tiri su il morale!'),
(3, 'Peluche', 'Prova i nostri morbidissimi peluche e abbracciali per un pieno di allegria!'),
(4, 'Cibo', 'Non c\'è niente di meglio del cibo per riempire il cuore (e lo stomaco) di fiducia in se stessi!'),
(5, 'Varie', 'Sei alla ricerca di qualcosa di insolito e originale? Questo è il posto per te!');

INSERT INTO `fattorino` (`nome_fattorino`, `cognome_fattorino`, `username_fattorino`, `password_fattorino`, `email_fattorino`, `tentativi`, `abilitato`, `tempo_attuale`, `tempo_disabilitato`, `sale`, `ordini_correnti`) VALUES
('Ajeje', 'Brazorf', 'ajejeBrazorf', 'f472b108d63b0800755bc263475a5f02a6399b5cadbe09476aa0273775d30a546d3a4b6cf3dbfb86e85fe64a3d46b73c30daee0d0054334de85fe6cd44c80e38', 'ajeje.brazorf@Hmail.com', 0, 0, "", "", 'mMHc0JPr4MmjUvwI5kDtlhCaOt2mWAn82QJAP1r8fBs7hCGMnB', 0),
('Debora', 'Portellini', 'deb89', 'd2b41d2772485508cbbec389b15b6e6a4b28d7049f9cd8f5c2bad29610b1210bf6f6121f32d1f32d0d12366557e4fb18c8c1f1d48d62476a6fc1e5dd7726c9e7', 'deb89portellini@Hmail.com', 0, 0, "", "", 'JPOYpj41wWkRyGQODyU2zzqv6KWFBAIWHbnsRixQFKTSAGkGjo', 0),
('Giovanni', 'Dritti', 'gvnn', '59eaeae966245e842c54a0aa239eafc5b58c2ff663fcffe12c85c905beccf0d97164bf7dd85a35c23f9e7d0e7fef7fc9d1ee2bd40ec659dfac20cf02667fdbb1', 'giovanni_dr@Hmail.com', 0, 0, "", "", 'dw19ks8vWrHsuBrvvQKTivKL6ZZTBMN5DY1Uqy249h96WP8y2h', 0);

INSERT INTO `tag` (`id_tag`, `nome`) VALUES
(1, 'Felpa'),
(2, 'TShirt'),
(3, 'Abbigliamento'),
(4, 'Tazza'),
(5, 'Cover'),
(6, 'Default'),
(7, 'Sorpresa'),
(8, 'Cibo_Dolce'),
(9, 'Cibo_Salato'),
(10, 'Abbraccio'),
(11, 'Torta'),
(12, 'Bignè'),
(13, 'Gatto'),
(14, 'Cane'),
(15, 'Uccellino'),
(16, 'Orsetto'),
(17, 'Serpente'),
(18, 'Cioccolato'),
(19, 'Crema'),
(20, 'Bianco'),
(21, 'Nero'),
(22, 'Rosso'),
(23, 'Giallo'),
(24, 'Blu'),
(25, 'Verde'),
(26, 'Noleggio'),
(27, 'Marrone'),
(28, 'Fallisci_meglio'),
(29, 'Impassabile'),
(30, 'Grigio'),
(31, 'Peluche'),
(32, 'Cibo'),
(33, 'Pizza'),
(34, 'Piadina'),
(35, 'Ceramica'),
(36, 'Plastica');


INSERT INTO `venditore` (`codice_bancario`, `nome_marchio`, `username_venditore`, `password_venditore`, `email_venditore`, `tentativi`, `abilitato`, `tempo_attuale`, `tempo_disabilitato`, `sale`) VALUES
('IT58B0300203280452538395926', 'Lauro Bros', 'Lauro_Bros', '982270ee4e8244853fcaa0096a24174ed1f28a1ecb40a1f201031c1b9a1bd8f2e6c6f01523566aad88ac7486758fe0a6261da3de59530e78f0643d8a2d61874b', 'lauroleo@hmail.com', 0, 0, "", "", 'j328xqtzDbqVedUIjmeXyrHdrBe8D6bB2dPOsqpWJzr4tj8lSW'),
('IT92W0300203280452538395926', 'Rumao INC', 'Rumao_INC', 'e8b865bb38db1e29ce54908f189ee55631e906004ecb2c19986f9157b02e20131621d229b381c2ff201606a205cbca3dfaf0e2506f8cbffbce54b737a164f42f', 'serafinopand@hmail.com', 0, 0, "", "", 'XfYNNiv7QtyTnDCm4MLlGOL2uFh05OyvgJrjfssGZHBB9tpG9U'),
('IT34Z0300203280452538395926', 'SofiNcompany', 'Sofi_N_co', 'fb36f2c2c7d7d81dc6766d2738697758009287ddd426ca1036d909f77ef5e7392f64b74f1565ece8eb00e92c039a65c594a3564da580d9e62328d2c2842a50d9', 'sofiNco@hmail.com', 0, 0, "", "", 'En0od1O7ZHN1tpZdXzjc3JhdwQIZNN4C3YAbhYyCoHEjsIJ4oR');

INSERT INTO `utente` (`metodo_pagamento`, `nome_utente`, `cognome_utente`, `username_utente`, `password_utente`, `email_utente`, `tentativi`, `abilitato`, `tempo_attuale`, `tempo_disabilitato`, `sale`) VALUES
('carta di debito', 'Gianfranco', 'Barbagianni', 'gian_b', 'cbe29aa4ae7d0734768bdbfa6df73ee990c323d85f98cf2bc3b16c1c33956c2ba07b21f34ec6c63e701a90b833b67dfe9948043c02a61e90872799f49dc268b3', 'gruppoprogrammazione1@Hmail.com', 0, 0, "", "", 'tvaZvUkJqjv1j7FNWt2o9gB5k17iW4w7minskL7EUZOZq8KxoE'),
('carta di credito', 'Cunegonda', 'Rossi', 'Gonda', '9362fbae7ab7e69d13302f96afdfeffabac671ff553fd9d4645a0ca4c03b490475b3cea8a3d8a39aa8937bfd08b37e321329dfca214ac04996a39300a723e667', 'cune.gonda@Hmail.com', 0, 0, "", "", 'oW4Tpu5sPcmeRQN7K0BjO0LIJcU0W7OEgQUqIalMqWNlZc5UP2'),
('carta di debito', 'Haldo', 'Baglioni', 'Hal.do', 'b63edb545ee4e84b2082966908b58e185550293099b4af946062bbd69486c0c080b816e13f11ea81b88a84cbf78da6d51334b7dfc6358eb49da9d8b78a4d0b64', 'haldo-baglioni@Hmail.com', 0, 0, "", "", 't1wYLABRzAObCMv2b6ggZ42wREOalnBJMAtubjz4FITvdJ384W'),
('carta di debito', 'Mariolina', 'Caroti', 'mariaCaroti', '386caded18019d8a24c37f78bc5b7007c09320b60c209a2556218c7f78038cb6b287082008fd631e7ce2b07d844fffcee1fc3afcf7ab701b097971273066d904', 'mariolinaCaroti@Hmail.com', 0, 0, "", "", 'DWK7FuWkTNyS6ByJJBMgk6giShObfICyfBRDphATzWhCW697bb'),
('carta di credito', 'Piergiorgio', 'Bianchi', 'PG97', '8c4d3e63cbc9adf176ef545caf25884a22c18ca16d1fd88894456cc7fa986b0cef598b489bec8610956fcfbca7890b2f93a0898c07349f7bf8d59bf7ea4b6f64', 'pier.giorgio.bianchi@Hmail.com', 0, 0, "", "", '2W4vnquuAgsz84UywwqJqqsFj7M2Qyng8jvM8lOxbBsyz8S1ax');

INSERT INTO `prodotto` (`id_prodotto`, `quantità`, `prezzo_unitario`, `nome`, `descrizione`, `id_categoria`, `username_venditore`) VALUES
(1, 6, 10, 'Gattino', 'Noleggia per un giorno un generatore di fusa automatico.', 2, 'Rumao_INC'),
(2, 5, 10, 'Cagnolino', 'Noleggia per un giorno il miglior compagno di giochi che potrai mai avere', 2, 'Lauro_Bros'),
(3, 10, 5.5, 'Gabbia con Uccellino', 'Noleggia per un giorno un adorabile cantante. (Gabbia inclusa)', 2, 'Rumao_INC'),
(4, 30, 23.99, 'Felpa \"Fallisci ancora, fallisci meglio\"', 'Felpa 100% cotone, colore giallo.', 1, 'Sofi_N_co'),
(5, 20, 17.99, 'TShirt \"Fallisci ancora, fallisci meglio\"', 'Tshirt 100% cotone, colore blu.', 1, 'Sofi_N_co'),
(6, 50, 9.99, 'Tazza \"Fallisci ancora, fallisci meglio\"', 'Tazza in ceramica, colore bianco.', 1, 'Sofi_N_co'),
(7, 12, 5.99, 'Cover \"Fallisci ancora, fallisci meglio\"', 'Cover in plastica rinforzata, colore nero.', 1, 'Sofi_N_co'),
(8, 19, 12, 'Peluche gatto grigio', 'Peluche originale fatto a mano raffigurante un gattino grigio.', 3, 'Rumao_INC'),
(9, 11, 17, 'Peluche orsetto', 'Peluche raffigurante un orsetto marrone, anallergico.', 3, 'Rumao_INC'),
(10, 50, 9.99, 'Peluche serpente sibilante', 'Peluche di un serpente verde, ottimo per scherzi.', 3, 'Sofi_N_co'),
(11, 1, 20, 'Pacco Sorpresa', 'Pacco misterioso, nessuno sa cosa contenga, per gli studenti più curiosi.', 5, 'Sofi_N_co'),
(12, 5, 16, 'Torta Cioccolato', 'Torta a base di: cioccolato, farina, uova, lievito, latte, zucchero. Peso: 600g.', 4, 'Lauro_Bros'),
(13, 10, 2.2, 'Bignè Crema', 'Bignè a base di: uova, burro, zucchero, farina, latte, vaniglia. Peso: 35g ', 4, 'Lauro_Bros'),
(14, 15, 5.80, 'Pizza Bismark', 'Pizzetta a base di: pomodoro, mozzarella, farina, sale, lievito, speck, uova. Peso: 100g', 4, 'Lauro_Bros'),
(15, 8, 2.55, 'Piadina nutella', 'Ingredienti: farina, sale, strutto, bicarbonato, nutella. Peso: 80g', 4, 'Rumao_INC'),
(16, 20, 23.99, 'Felpa \"Sembra sempre impassabile, finché non viene superato\"', 'Felpa 100% cotone, colore verde.', 1, 'Sofi_N_co'),
(17, 17, 17.99, 'TShirt \"Sembra sempre impassabile, finché non viene superato\"', 'Tshirt 100% cotone, colore rosso.', 1, 'Sofi_N_co'),
(18, 34, 9.99, 'Tazza \"Sembra sempre impassabile, finché non viene superato\"', 'Tazza in ceramica, colore nero.', 1, 'Sofi_N_co'),
(19, 4, 5.99, 'Cover \"Sembra sempre impassabile, finché non viene superato\"', 'Cover in plastica rinforzata, colore blu.', 1, 'Sofi_N_co'),
(20, 300, 0.99, 'Abbraccio dal Fattorino', 'Un abbraccio caldo e affettuoso da parte di un nostro fattorino.', 5, 'Rumao_INC');

INSERT INTO `tag_del_prodotto` (`id_prodotto`, `id_tag`) VALUES
(4, 1),
(16, 1),
(5, 2),
(17, 2),
(4, 3),
(5, 3),
(16, 3),
(17, 3),
(6, 4),
(18, 4),
(7, 5),
(19, 5),
(20, 6),
(11, 7),
(12, 8),
(13, 8),
(15, 8),
(14, 9),
(12, 11),
(13, 12),
(1, 13),
(8, 13),
(2, 14),
(3, 15),
(9, 16),
(10, 17),
(12, 18),
(13, 19),
(6, 20),
(7, 21),
(18, 21),
(1, 22),
(17, 22),
(4, 23),
(3, 24),
(5, 24),
(19, 24),
(3, 25),
(10, 25),
(16, 25),
(1, 26),
(2, 26),
(3, 26),
(2, 27),
(9, 27),
(4, 28),
(5, 28),
(6, 28),
(7, 28),
(16, 29),
(17, 29),
(18, 29),
(19, 29),
(8, 30),
(8, 31),
(9, 31),
(10, 31),
(12, 32),
(13, 32),
(14, 32),
(15, 32),
(14, 33),
(15, 34),
(6, 35),
(18, 35),
(7, 36),
(19, 36);